生徒システムコード,生徒ID,ホーム教室,生徒名漢字（苗字）,生徒名漢字（名前）,生徒名かな（苗字）,生徒名かな（名前）,学年名,保護者携帯メール1,削除フラグ
20009000001,9000001,日宇校,山田,太郎,やまだ,たろう,中学2年生,sample-guardian1@example.com,
20009000002,9000002,日宇校,佐藤,花子,さとう,はなこ,中学2年生,sample-guardian2@example.com,
20009000003,9000003,日宇校,鈴木,一郎,すずき,いちろう,中学1年生,sample-guardian3@example.com,
20009000004,9000004,日宇校,高橋,美咲,たかはし,みさき,中学1年生,sample-guardian4@example.com,
20009000005,9000005,日宇校,田中,健太,たなか,けんた,中学3年生,sample-guardian5@example.com,
20009000006,9000006,日宇校,渡辺,結衣,わたなべ,ゆい,中学3年生,sample-guardian6@example.com,
20009000007,9000007,日宇校,伊藤,蓮,いとう,れん,中学2年生,sample-guardian7@example.com,
20009000008,9000008,日宇校,中村,葵,なかむら,あおい,中学1年生,sample-guardian8@example.com,
20009000009,9000009,日宇校,小林,退会,こばやし,たいかい,中学2年生,sample-guardian9@example.com,1
